"id","text","summary"
"1","","Anil"
"2","AUSTIN, Texas, April 17, 2025 (GLOBE NEWSWIRE) -- The Collegiate Cricket League (CCL) is proud to host its inaugural National Championship from April 17–20, marking a milestone moment for U.S. cricket. Matches will be played at the Lonestar Premier Cricket League grounds, located at 24609 Ronald Reagan Blvd, Liberty Hill, TX 78642, with games starting daily at 9:30 a.m. CT.  With a focus on building the sport from the grassroots level, the CCL is helping shape the future of cricket in America—one student-athlete at a time.  Founded in 2025 by students at Georgetown University—and supported by USA Cricket and the National Cricket League (NCL)—the CCL is the first student-founded, student-led, and student-operated league of its kind in North America. The 2025 championship features 12 top university teams:  Georgetown University  Rice University  UCLA  University of Florida  University of Wisconsin–Madison  University of California, Irvine  University of Southern California  University of Texas at Austin  Arizona State University  Texas A&M University  University of Texas at Dallas  University of Washington  Matches will be played in the exciting “Sixty Strikes” 10-over (60-ball) format and livestreamed on the NCL Cricket app, with match times scheduled for global prime-time viewership. Broadcast partners across Southeast Asia and other cricket-loving regions will broadcast globally.  “The CCL is making an investment in American cricket’s future,” said Johnathan Atkeison, CEO of USA Cricket. “This championship is about building a pipeline. College sports are uniquely American, and we believe they are a crucial piece of our player development pathway”  ""I've seen cricket growing in America with my own eyes over the past four to five years,’’ said Wasim Akram, legendary cricketer and mentor. “However, real fan following still needs to be developed, and the game must grow at the grassroots level. The Collegiate Cricket League is an excellent initiative toward that goal. I wish all 12 teams the very best as they compete in this inaugural championship.""  “This is more than a weekend tournament—it’s a movement,” said Steven M. Smith, Executive Director of CCL. “We’re pairing the best of American education with the world’s second most popular sport. Our goal is to make the CCL one of the most-watched collegiate leagues in the world. The CCL will become the most-watched collegiate sport globally, tapping into the sports global 2.5 billion fans worldwide.”  The event is free and open to the public, and all are invited to attend and support this important moment for student-led athletics.  As a registered 501(c)(3) nonprofit, the CCL is committed to expanding access, launching men’s and women’s seasons, providing scholarships, and working with universities to elevate cricket to varsity status. To support the league’s mission or get involved, visit www.collegiatecricket.com—where you can make a tax-deductible donation to help grow cricket across North America.  Contact: Media@NCLCricket.com","Anil"
"3","周星馳主演電影《行運一條龍》的取景地「鴻運冰廳餅店」不敵北上熱潮，最終在去年12月25日聖誕節最後營業。不過該店相隔四個月極速「翻生」，據悉由翠華集團接手，保留鴻運冰廳的招牌及昔日的裝修風格，周五（18日，明日）早上11時正於原址重開。    該店品牌設計師莫先生透露，除了光榮退休的夥計外，將沿用之前的舊班底。他正計劃在推出重開初期，推出優惠茶餐回饋街坊，價格重返20年前。    周星馳主演電影《行運一條龍》的取景地「鴻運冰廳餅店」結業四個月後，將在4月18日原址重開。在4月17日晚店員作最後準備，店名仍以紅紙避蓋。（梁偉權攝）  周星馳主演電影《行運一條龍》的取景地「鴻運冰廳餅店」結業四個月後，將在4月18日原址重開。在4月17日晚店員作最後準備，店名仍以紅紙避蓋。（梁偉權攝）  周星馳主演電影《行運一條龍》的取景地「鴻運冰廳餅店」結業四個月後，將在4月18日原址重開。在4月17日晚店員作最後準備。（梁偉權攝）  保留原來的招牌在旺角上海街原址重開  去年位於旺角上海街的「鴻運冰廳餅店」，引用周星馳電影《西遊記第壹佰零壹回之月光寶盒》的經典台詞，「任何味道都有賞味期限，只係今次，無一萬年」，宣布在聖誕節結業，讓一眾電影迷大呼可惜。  鴻運冰廳餅店」將在4月18日原址重開。店方曾進行裝修，在店內閣樓外增添巨大的「鴻運」二字。（梁偉權攝）  「鴻運冰廳餅店」去年12月25日結業，原本在店內閣樓外的牆上，只有兩個圖形，沒有巨大「鴻運」二字。（資料圖片／梁鵬威攝）  翠華集團接手 「行運厚切奶油多士」索價$25  不過好消息來了，該店將保留原來的招牌，明日（18日）在原址重開。有網民在社交平台稱該店已由翠華集團接手，從上傳的相片可發現新菜單定價相當進取，其中「行運厚切奶油多士」索價25元。  「鴻運冰廳餅店」結業四個月後，將在4月18日原址重開。在4月17日晚可見，菜式單張已準備好。（梁偉權攝）  「鴻運冰廳餅店」結業四個月後，將在4月18日原址重開。在4月17日晚可見，菜式單張已準備好。（梁偉權攝）  （香港茶餐廳及美食關注組Chung Chung圖片）  擬推出優惠茶餐回饋街坊 價格重返20年前  「鴻運冰廳餅店」品牌設計師莫先生透露，明早11時正將舉行開幕儀式，正式恢復營業，除了光榮退休的夥計外，將沿用之前的舊班底。他正計劃在推出重開初期，推出優惠茶餐回饋街坊，價格重返20年前。  他又引述其老闆指，期望可保育香港過去的文化，例如舊式茶餐廳標誌性的閣樓雅座等。「見到香港嘅嘢真係愈嚟愈少喇，作為香港人都想出一分力。」  「鴻運冰廳餅店」品牌設計師莫先生在4月17日晚透露，除了光榮退休的夥計外，將沿用之前的舊班底。（梁偉權攝）  「鴻運冰廳餅店」結業四個月後，將在4月18日原址重開。在4月17日晚第三日試業後，店員為重開作最後準備。（梁偉權攝）  「鴻運冰廳餅店」結業四個月後，將在4月18日原址重開。在4月17日晚第三日試業後，店員為重開作最後準備。（梁偉權攝）  去年底因北上熱潮結業︰生意比新冠疫情期間更差  其實「鴻運冰廳餅店」為北上熱潮的苦主之一。《香港01》去年聖誕節曾直擊最後營業，當時第二代老闆家屬透露，由於通關後港人北上消費，市面人流大減，生意甚至比新冠疫情期間更差，最終只能無奈作出結業的決定。  港產片《行運一條龍》及《黑社會2以和為貴》取景地  鴻運冰廳餅店多年來保留標誌性的冰室裝修，包括綠色桌椅及復古吊燈等。該店亦是港產電影的取景地，包括由周星馳及吳孟達主演的《行運一條龍》、由任達華、古天樂及張家輝等主演的《黑社會2以和為貴》。  2024年12月25日聖誕節，周星馳主演電影《行運一條龍》取景地鴻運冰廳餅店最後營業。（資料圖片／梁鵬威攝）  ▼12月25日聖誕節 太子鴻運冰廳餅店最後營業日▼","Anil"
"4","4月16日，中国经济一季报发布：  初步核算，一季度国内生产总值318758亿元，按不变价格计算，同比增长5.4%，比上年四季度环比增长1.2%。  2025中国经济起步平稳、开局良好。稳稳的增长，为正面临很大不确定性的全球经济注入确定性，更加凸显了中国作为世界经济“稳定锚”的重要角色。  稳稳的增长，稳在经济有基础、内需有支撑。  观察一季度，消费“主引擎”贡献不小。  看实物消费，以旧换新政策加持下，电动自行车、手机、平板、智能手表等新扩围产品销量大涨，有力促进消费回升。一季度，社会消费品零售总额同比增长4.6%，比去年全年提升了1.1个百分点。  看服务消费，《哪吒2》票房收入突破150亿元，清明三天假期出游总花费达575.49亿元，茶旅融合、山谷露营、主题艺术展……服务消费方兴未艾。一季度，服务零售额同比增长5%，比商品零售高0.4个百分点。  正如国家统计局副局长盛来运所说：“中国有14亿多人口，人均GDP超过1.3万美元，正处在消费升级的关键阶段，市场成长性好、空间大，将支撑中国经济持续发展。”  稳稳的增长，稳在转型有成效、新动能增强。  突破！2月份，成功研发出全球首款光子时钟芯片，可将芯片上的时间调控速度提升100倍。  交付！日前，全球首艘、世界最大24000TEU级液化天然气双燃料动力超大型集装箱船在上海下线，交付船东。  打开经济巨轮系统升级的“总钥匙”，我国在发展新质生产力方面持续取得新进展。一季度，规模以上高技术制造业增加值同比增长9.7%，高技术制造业增加值占工业的比重达15.7%，工业向高端化、智能化、绿色化转型的趋势明显。  国家统计局数据显示，截至去年底，“三新”经济增加值占GDP比重为18%左右，数字经济核心产业增加值占GDP的比重达10%左右，中国经济原来依靠投资和出口带动的发展模式发生了根本改变，依靠内需和创新驱动共同推动经济增长的新格局正在形成。  稳稳的增长，稳在市场更多元、出口有韧性。  连日来，美国政府不断升级对华关税，关税战下中国外贸能否顶得住？  从一季报里的几个出口指标，可以窥见中国外贸的韧性。  规模体量大。一季度，我国进出口规模创历史同期新高，连续8个季度超过了10万亿元。其中，出口6.13万亿元，同比增长6.9%。随着经济规模越来越大，“体量大稳得住”“规模经济效应”等优势也越来越明显，将为抵御各种外部冲击创造有利条件。  市场更多元。一季度，我国对共建“一带一路”国家出口同比增长7.2%，货物进出口额占全部进出口额比重超过50%，多元化市场格局正在形成。这意味着，我国对单一出口市场的依存度在下降。截至去年底，我国对美国的出口额占出口总额的比重已从2018年的19.2%下降到14.7%。当鸡蛋不再放在一个篮子里，抵御风险的能力在增强。  稳稳的增长，稳在信心在恢复、民企有活力。  仔细分析一季度各项指标，有个数据特别值得关注：今年一季度，民间投资同比增长0.4%，由上年全年下降转为增长。若扣除房地产开发投资后，民间投资同比增长6.0%。  分析民间投资结构，制造业民间投资同比增长9.7%，基础设施民间投资同比增长9.3%，均快于各自领域平均增速……拿出真金白银，投入研发、生产、建设，显示出广大民企对发展大势的坚定信心，还有应对挑战、求新求变的积极心态。  当前，世界百年变局加速演进，多重风险挑战叠加。作为全球第二大经济体，中国经济开局良好，国际组织及华尔街金融机构纷纷上调对中国经济增长的预测，看好中国资本市场。  “70多年来，中国发展始终靠的是自力更生、艰苦奋斗，从不靠谁的恩赐，更不畏惧任何无理打压。无论外部环境如何变化，中国都将坚定信心、保持定力，集中精力办好自己的事。”  以高质量发展的确定性应对外部环境的不确定性，中国经济航船将乘风破浪、行稳致远。","Anil"
"5","Male youth allegedly approached the girl from behind and started touching and slapping her bum. Photograph: Graham Hughes/Photocall Ireland  A teenager is facing a sexual assault charge over an allegation that he “humped” a 15 -year-old girl from behind in front of a group of teenage boys.  A children’s District Court in Co Clare heard the male was 14 at the time of the alleged incident.  State Solicitor for Clare, Aisling Casey, outlined the case against the teen who is now aged 17.  The accused was accompanied in court by his mother.  READ MORE  Ms Casey said someone allegedly took the girl’s phone, along with a Revolut card and €20 when at a location in Clare in May 2022.  The girl walked over to a group of males to ask for her phone and spoke to another juvenile who was with the accused. He gave back the phone but there was no money or card in it, she said. There is no suggestion the accused took the card or the money, the court heard.  Ms Casey said the accused then allegedly came from behind and “started touching her bum, and he slapped her bum and grabbed it and she turned around and told him to stop”.  Ms Casey said the accused then allegedly grabbed the girl’s waist. The court heard the girl told members of An Garda Síochána “he humped me and I turned around and I told him to stop and he wouldn’t stop”.  Ms Casey said the girl explained she meant the boy “grabbed my hips and thrust his hips into my bum”.  Ms Casey said the accused was not known to the alleged injured party and he was also identified by footage provided to gardaí.  Ms Casey said the alleged sexual assault is touching outside the clothing and that the Director of Public Prosecutions has directed summary disposal in the District Court. Judge Alec Gabbett agreed with the recommendation.  Solicitor Daragh Hassett, for the accused, said an adjournment will allow him to receive instructions from his client.  “It is a difficult case. I am very conscious that he is getting older,” Mr Hassett said.  Ms Casey saiid the case needs to be expedited as it involves minors.  Judge Gabbett adjourned the case to May 6th for mention with the intention of having it heard on July 1st.","Anil"
"6","El Ibex 35 se va de Semana Santa con una revalorización del 5,14% en las últimas cuatro sesiones. Alza que se produce en plenas dudas sobre el impacto que tendrá la guerra arancelaria sobre el crecimiento global, y sobre la que este jueves han alertado tanto el Banco Central Europeo (BCE) como el Fondo Monetario Internacional (FMI).  El selectivo acaba la semana en los 12.918 puntos, tras una sesión plana la de este jueves que culmina con una caída del 0,19%. Salva así los 12.900 que han estado en juego durante prácticamente toda la jornada.  No ha ayudado la apatía propia de las vacaciones en España. De hecho, no habrá bolsa en Europa hasta el próximo martes, 22 de abril.  Así cierra el Ibex 35 Eduardo Bolinches  Tampoco ha convencido a los inversores el recorte de tipos de un cuarto de punto del BCE. Una decisión ""preventiva"", dicen los analistas de ING, para evitar quedarse ""rezagado"" respecto a la evolución de la economía europea.  En la jornada de este jueves en el Ibex 35 el valor más castigado ha sido CaixaBank, que se deja un 2,16% seguido de Bankinter con un 2%. Acciona ha bajado un 1,8% por un recorte en su valoración por parte de Morgan Stanley.  En la parte alta de la tabla, Repsol suma un 1,77% seguida de Colonial y Telefónica, ambas con subidas del entorno del punto y medio porcentual.  Las dudas del Ibex 35 se han mantenido en el resto de mercados europeos este jueves. Así, el Dax se ha dejado medio punto porcentual; el CAC 40 de París, cerca del 0,6% y el Ftse Mib, un 0,4%. El Euro Stoxx, por su parte, recorta un 0,6%.  La presidenta del Banco Central Europeo, Christine Lagarde, no ha logrado despejar dudas entre los inversores. Al menos en lo que a la renta variable se refiere. Reconoce que existen grandes ""incertidumbres"" que pasarán factura a la economía.  Así, la prima de riesgo española se sitúa al cierre de la jornada en los 70 puntos, mientras que el bono a 10 años está en el 3,18%.  El oro, principal activo refugio, está en los 3.339 dólares la onza con una subida en los últimos cuatro días de algo más del 2%. El crudo Brent, por su parte, de referencia en Europa, se sitúa en los 66,74 dólares por barril, lo que supone un alza del 3,46% desde el pasado lunes.","Anil"
"7","وقال شي جين بينغ، بحسب ما نقله التلفزيون المركزي الصيني إن ""الحروب التجارية تقوض النظام التجاري المتعدد الأطراف وتدمر النظام الاقتصادي العالمي.  وحث دول العالم على الاتحاد قائلا: ""على الدول أن تتحد، وأن تُمسك بقوة بزمام قضايا الأمن القومي وحقها في التنمية المستقلة، وأن تلتزم بمبادئ الاحترام المتبادل والمنفعة المتبادلة والتنمية المشتركة، وأن تعمل معا على بناء مجتمع ذي مستقبل مشترك للبشرية"".  كما أشار الرئيس الصيني إلى أن ""النزعة الأحادية والهيمنة لا تحظى بالدعم، ولا ترغب أي دولة في العودة إلى العزلة"".  يذكر أن الرئيس الأمريكي دونالد ترامب وقع في الثاني من أبريل الجاري، مرسوما بفرض رسوم جمركية ""متبادلة"" على الواردات من دول أخرى.  بلغت النسبة الأساسية لهذه الرسوم 10%، وابتداء من 9 أبريل دخلت حيز التنفيذ معدلات مرتفعة لـ57 دولة، تم احتسابها بناءً على العجز التجاري الأمريكي مع كل دولة على حدة، بهدف تحويل العجز إلى توازن كما أشار ترامب.  وفي 9 أبريل أعلن الرئيس الأمريكي أن أكثر من 75 دولة لم تتخذ إجراءات مضادة وطلبت الدخول في مفاوضات، ولذلك سيتم تطبيق الرسوم الأساسية البالغة 10% لمدة 90 يوما على الجميع باستثناء الصين.  وبعد سلسلة من الخطوات في الحرب التجارية، بلغت الرسوم ""المتبادلة"" الإضافية للولايات المتحدة على البضائع الصينية نسبة 125%، وفرضت الصين رسوما مماثلة بنسبة 125% على البضائع الأمريكية. بالإضافة إلى ذلك، لدى الولايات المتحدة رسم جمركي إضافي بنسبة 20% على الصين تم فرضه على خلفية اتهامات بعدم مكافحة المواد المخدرة الاصطناعية بشكل كاف.  المصدر: RT","Anil"
"8","TRABZONSPOR Kulübü Asbaşkanı Zeyyat Kafkas, Süper Lig'de şampiyonluk yaşamış kulüplerin Divan Kurullarının Trabzon buluşmasında açıklamalarda bulundu. Kafkas burada yaptığı konuşmada, ""Finalistler belli olmadan Türkiye Kupası finalinin oynanacağı stadyumun açıklanması kabul edilemez"" dedi.  Süper Lig'de şampiyonluk yaşamış kulüplerin divan kurulları, bugün Mehmet Ali Yılmaz Tesisleri'nde düzenlenen toplantıda bir araya geldi. Trabzonspor adına Asbaşkan Zeyyat Kafkas ve Divan Başkanlık Kurulu Başkanı Mahmut Ören'in ev sahipliğinde gerçekleştirilen toplantıya; Beşiktaş Divan Kurulu Başkanı Tevfik Yamantürk, Başkan Vekili Fethi Hinginar ve Genel Sekreter Turgay Pirinç, Bursaspor Divan Kurulu Başkanı Gökhan Tuzlacıoğlu, Başkan Yardımcısı Haluk Hısımcıl ve Sekreter Suat Gençosman, Fenerbahçe Divan Kurulu Başkan Vekili Hakkı Kurtuluş ve Genel Sekreter Levent Hataylı, Galatasaray Divan Kurulu Başkanı Aykutalp Derkan, Başkan Vekili Sonay Kale ve Genel Sekreter Yalçın Kaya ile RAMS Başakşehir Divan Kurulu Başkanı Kağan Şahin katıldı. Trabzonspor Kulübü Asbaşkanı Zeyyat Kafkas, toplantıda önemli açıklamalarda bulundu. Toplantının açılışında katılımcılara ""Hoş geldiniz"" diyerek sözlerine başlayan Asbaşkan Kafkas, Başkan Ertuğrul Doğan'ın selam ve sevgilerini iletti. Kafkas ""Trabzon'a hoş geldiniz. Sizleri kulübümüzde ağırlamaktan büyük memnuniyet ve gurur duyuyoruz. Her zaman başımızın üzerinde yeriniz var"" dedi.  'SON DERECE SIKINTILI BİR SEZON YAŞIYORUZ'  Bugün futbolun futboldan uzaklaştığı bir dönem yaşandığını söyleyen Kafkas, ""Son birkaç yıldır divan başkanları düzeyinde sergilenen birlik ve duruş son derece kıymetli. Ancak ne yazık ki futbolun, futboldan tamamen uzaklaştığı son derece sıkıntılı bir sezon yaşıyoruz. Herkesin ortak arzusu; sahada kalmak ve futbol konuşmak. Fakat bugün geldiğimiz noktada futbolun dışında her şey konuşulur hale geldi. Bu durum hepimizi derinden rahatsız ediyor"" dedi.  'FİNALİSTLER BELLİ OLMADAN STADYUMUN AÇIKLANMASI KABUL EDİLEMEZ'  Ziraat Türkiye Kupası finalinin oynanacağı stadyumun açıklanmasına da tepki gösteren Kafkas şunları söyledi: ""Bugün Ziraat Türkiye Kupası finalinin oynanacağı stadyum açıklandı. Oysa biz şu anda sadece final adayıyız. Elbette finale kalmamız durumunda söyleyeceklerimiz çok daha net olacaktır. Ancak bu karar dahi kamuoyunda, sanki finalistler belirlenmiş ve planlar buna göre yapılmış izlenimi yaratıyor. Bu yaklaşım hem bizleri hem de sporseverleri rahatsız ediyor. Ben kamuoyunun sesini sizlere aktarıyorum ve aynı hassasiyeti sizlerin de paylaştığını düşünüyorum. Henüz finalistler netleşmemişken kulüplerin tarihsel bağlamda yaşadığı deneyimler, güvenlik hassasiyetleri ve diğer faktörler göz ardı edilerek böyle bir kararın açıklanması hepimizi derinden üzmektedir""","Anil"
"9","La Fiscalía de Tecate lidera campañas de prevención en el entorno estudiantil. (FGE Tecate)  En un esfuerzo por consolidar la seguridad y la prevención en las comunidades escolares, la Fiscalía Regional de Tecate, en colaboración con diversas instituciones, llevó a cabo una jornada de trabajo en la Preparatoria No. 25 del CECyTE  Esta actividad se enmarcó dentro de la Jornada Nacional de Prevención contra las Adicciones y tuvo como objetivo principal establecer un diálogo cercano con estudiantes y docentes, además de implementar medidas preventivas en el entorno educativo.  Según informó la Fiscalía General del Estado de Baja California, estas acciones buscan fortalecer la confianza de los jóvenes hacia las autoridades y fomentar entornos escolares más seguros.  Una jornada educativa especial  SEDENA y Seguridad Municipal participan en actividades contra el consumo de sustancias. (FGE Tecate)  De acuerdo con la información publicada por la Fiscalía, la actividad fue liderada por el fiscal regional de Tecate, Genaro Adrián Guzmán García, quien destacó la importancia de generar espacios de interacción directa con los estudiantes.  Durante la jornada, se presentaron los servicios de atención, orientación y seguimiento que la Fiscalía pone a disposición de la comunidad, con el propósito de atender las necesidades de los jóvenes y sus familias en temas relacionados con la seguridad y la prevención de adicciones.  Uno de los momentos destacados de la jornada fue la participación del binomio canino K9 “Maya”, que acompañó al equipo de la Fiscalía en un recorrido por las aulas del plantel.  Según detalló la institución, la presencia de este binomio no sólo permitió hacer revisiones preventivas, sino que también ayudó a establecer un vínculo de confianza entre los estudiantes y las autoridades.  La interacción con “Maya” fue clave para reforzar el mensaje de prevención y seguridad, además de sensibilizar a los jóvenes sobre los riesgos asociados al consumo de sustancias adictivas.  La Fiscalía subrayó que estas acciones forman parte de un enfoque integral que busca combatir las adicciones desde una perspectiva preventiva, involucrando tanto a los estudiantes como al personal docente en la construcción de un entorno escolar más seguro y saludable.  Colaboración para fortalecer la seguridad  Estudiantes interactúan con el binomio canino “Maya” en jornada de sensibilización. (FGE Tecate)  La jornada contó con la participación de otras instituciones clave en materia de seguridad y prevención. Según informó la Fiscalía, se trabajó en coordinación con la Dirección de Seguridad y Tránsito Municipal de Tecate y con elementos de la Secretaría de la Defensa Nacional (SEDENA).  Esta colaboración interinstitucional permitió sumar esfuerzos para abordar de manera conjunta los desafíos relacionados con la prevención de adicciones y la seguridad en el municipio.  La Fiscalía destacó que esta alianza estratégica con otras dependencias refuerza el compromiso de las autoridades de Tecate con la ciudadanía, especialmente con las nuevas generaciones. La participación de la SEDENA y la Dirección de Seguridad y Tránsito Municipal fue fundamental para garantizar el éxito de las actividades realizadas en la Preparatoria No. 25 del CECyTE.  Según informó la institución, la prevención es un eje clave en la construcción de comunidades más seguras, informadas y participativas. En este sentido, las acciones realizadas en Tecate forman parte de una estrategia más amplia que busca atender las necesidades de los jóvenes y promover su bienestar integral.  La Fiscalía enfatizó que estas actividades no sólo tienen como objetivo prevenir el consumo de sustancias adictivas, sino también fomentar una cultura de confianza y colaboración entre las autoridades y la comunidad estudiantil. Con este enfoque se busca empoderar a los jóvenes para que se conviertan en agentes de cambio dentro de sus comunidades, contribuyendo así a la construcción de un entorno más seguro y saludable para todos.  La jornada realizada en la Preparatoria No. 25 del CECyTE representa un modelo de intervención que podría replicarse en otras comunidades escolares de Baja California.  Según destacó la Fiscalía, este tipo de iniciativas son fundamentales para abordar de manera preventiva los problemas asociados al consumo de sustancias adictivas, especialmente entre los jóvenes.  La institución reiteró su compromiso de continuar trabajando en estrecha colaboración con otras dependencias y con la comunidad en general para fortalecer las acciones de prevención y seguridad en el estado. Además, hizo un llamado a las familias, docentes y estudiantes a sumarse a estos esfuerzos, reconociendo que la prevención es una tarea compartida que requiere la participación activa de todos los sectores de la sociedad.","Anil"
"10","The overdue vessel is a four-and-a-half-metre Hewes recreational boat registered in Washington state as WN 8608CZ. (U.S. Coast Guard)","Anil"
"11","Cenzurați, lipsiți de subvenții și reduși la tăcere, zeci de oameni de știință americani se gândesc să-și continue munca în afara țării, după deciziile președintelui Donald Trump. Pe 6 martie, facultatea Aix-Marseille a lansat un apel “Safe place for science”/ ""Un loc sigur pentru știință"" și a invitat cercetători americani să vină să lucreze în Franța.  Publicitate Citiți continuarea  În mai puțin de o lună, Universitatea Aix-Marsilia a primit mai bine de 300 de candidaturi din partea unor cercetători americani. “Am fost imediat copleșiți”, recunoaște Eric Berton, este președintele acestei Universități și cel care a inițiat proiectul.  Responsabilul din Marsilia explică faptul că “mulți cercetători au aplicat la programul oferit de Universitatea Aix-Marsilia deoarece, în Statele Unite le sunt îngreunate proiectele pentru dezvoltarea de ARN, cercetările privitoare la chestiuni de epidemiologie ori de oncologie. Ceea ce se întâmplă în SUA acum influențează deja știința globală. Când ștergem bazele de date de mediu asta pune în pericol predictibilitatea evenimentelor meteorologice potențial periculoase"", spune Eric Berton.  Universitatea poate să primească undeva între 15 și 20 de oameni de știință americani, timp de 3 ani.  Situația fiecăruia va fi studiată foarte atent înainte ca dosarele să fie acceptate, explică președintele Universității Aix-Marsilia. Pentru a-i selecționa, universitatea se va axa pe mai multe criterii: se va verifica dacă le este, într-adevăr împiedicată munca lor de cercetare, dacă specialitatea lor mai beneficiază de finanțare americană etc .  Cei mai puțin entuziasmați sunt sindicaliștii locali, care, scrâșnesc din dinți când privesc bugetul destinat acestor cercetători americani: 15 milioane de euro.  Bruno Pouvelle reprezintă sindicatul CGT – Confederația Generală a Muncii- iar pentru el bugetul este foarte bun dar e uimitor cum a fost deblocat dat fiind că are mulți colegi francezi care dau din coate pentru a-și finanța propriile proiecte de cercetare.  Primii oameni de știință ametricani sunt așteptați la Marsilia începând cu luna iunie.  În Europa, numeroase parteneriate de cercetare încheiate cu instituții americane se regăsesc sub un mare semn de întrebare, sub administrația Donald Trump. La începutul acestei luni, aproape 2.000 de cercetători din Statele Unite au lansat un “SOS” pentru salvarea științei, ca răspuns la atacurile lui Donald Trump asupra lumii academice. Laboratoare întregi au fost închise, s-au făcut concedieri în masă, domenii întregi de cercetare au trecut sub controlul guvernamental american.  Casa Albă se gândește, pur și simplu, să închidă centrul de cercetare a Administraţiei Naţionale Oceanice şi Atmosferice (NOAA), un centrul mondial de referință. Executivul american intenţionează să solicite Congresului - care trebuie să aprobe bugetele alocate diferitelor agenţii federale - să taie fondurile laboratoarelor de cercetare şi birourilor responsabile cu studiul schimbării climatice în această prestigioasă agenţie, potrivit unui document intern al Casei Albe consultat de mai multe publicații americane și care scriu că circa 75% dintre finanţările pentru cercetare ar putea fi eliminate din bugetul pe anul 2026.","Anil"
"12","","Anil"
"13","NFL Draft analyst for 'The Athletic' Dane Brugler believes that the New York Jets will select a tight end in the second round of the 2025 NFL Draft in order to help out their new QB Justin Fields.  Ad  In his recent seven round 2025 NFL mock draft released on Wednesday, Brugler predicted that the Jets would select LSU Tigers tight end Mason Taylor with the No. 42 overall pick later this April.  The Jets current tight end depth chart features Jeremy Ruckert, Stone Smartt, Zack Kuntz, and Neal Johnson after the departure of TE Tyler Conklin to the Los Angeles Chargers via free agency this offseason. Though all of the individuals listed are capable NFL players, none are truly elite receiving options for the Jets and Fields.  Ad  Trending  70% Win (110-25-1) 70% Win (110-25-1) 70% Win (110-25-1) Unlock Free tips from our Experts Get Picks Now  As a result, the tight end position is definitely a position where the Jets need to focus some draft capital on this year. Taylor could be a smart option for the iconic New York franchise as he will likely not cost the team a first round pick, yet he is still extremely talented and has the abilities to make an instant impact at the NFL level.  Looking to predict NFL playoff Scenarios? Try our NFL Playoff Predictor for real-time simulations and stay ahead of the game!  For LSU in 2024, Taylor had 55 receptions for 546 receiving yards and two receiving touchdowns. He is a sharp route runner who also has strong hands and is able to generate yards after the catch with the football as well.  Ad  Can Mason Taylor help the New York Jets?  Taylor can help the Jets and new QB Justin Fields in 2025. The offense already has wide receiver Garrett Wilson and running back Breece Hall, however, the unit does not have a clear tight end option who can help in the receiving game. Taylor can instantly make the Jets one of the most well-balanced offensive units in the league, one that features both solid rushing and receiving options.  Bleacher Report gave Taylor a grade of 7.5, something that in their opinion, translates to a third round pick in the 2025 NFL Draft and a ""high-level backup/potential starter"" in the NFL in the future. Taylor's National Football League player comparison was Green Bay Packers tight end Tucker Kraft.  × Feedback Why did you not like this content? Clickbait / Misleading  Factually Incorrect  Hateful or Abusive  Baseless Opinion  Too Many Ads  Other Cancel Submit Was this article helpful? Thank You for feedback  About the author Joshua Gillesby Joshua Gillesby is a College Sports journalist at Sportskeeda who graduated from McMaster University with a Bachelor's in Arts & Science.    Josh is based in Ontario, Canada and his favorite college team is the Notre Dame Fighting Irish, due in large part to his former hockey team being invited for a tour of the facilities and watching a game while there.    His favorite past college football player is Joe Burrow, as his 2019 season was incredible and a major reason behind LSU's playoff success and National Championship.    Outside of work, Josh enjoys traveling, reading, writing, and science. Know More  LA Chargers Nation! Check out the latest Chargers Schedule and dive into the Los Angeles Chargers Depth Chart for NFL Season 2024-25.","Anil"
"14","Le député (ex-RN) de l'Yonne, Daniel Grenon, était jugé jeudi par le tribunal correctionnel de Sens, dans l'Yonne, pour des faits d'injure publique et provocation à la discrimination, commis le 2 juillet 2024, lors d'un débat durant les législatives organisé par l'Yonne Républicaine.  C'est devant une salle comble, au tribunal judiciaire de Sens, que le député de l'Yonne, Daniel Grenon (ex-RN) vient à la barre. Les explications du député de 78 ans sont attendues par le tribunal ainsi que par une cinquantaine de militants anti-racistes venus assister à ce procès. ""Sur 30 ou 40 postes, on ne peut pas se permettre d’avoir des binationaux. Des Maghrébins sont arrivés au pouvoir, ministre et cætera, ces gens-là n'ont pas leur place dans les hauts lieux."" Voilà l'objet des poursuites contre celui qui était député sortant et candidat aux législatives au moment des faits. Un extrait d'environ deux minutes du débat est diffusé à l'ensemble de la salle.  Devant le tribunal, le député assume ses propos  Face à ses propres paroles, Daniel Grenon tente de s'expliquer d'une voix faible, ayant à plusieurs reprises des difficultés à comprendre les questions de la présidente du tribunal. Et plutôt que de nier cette volonté de discrimination, le député la justifie. ""si on commence à mettre des gens dans des endroits où ils n'ont pas leur place. La France devient quoi ?"" interroge le député pour qui les binationaux risquent à tout moment d'être déloyaux à la nation.  Une cinquantaine de militants anti-racistes étaient rassemblés devant les grilles du palais de justice de Sens jeudi 17 avril 2025 © Radio France - Renaud Candelier  ""Du racisme pur et simple"" - l'avocate de la Ligue des Droits de l'Homme  Mais ""on peut être déloyal par intérêt financier, idéologique ou amoureux"", corrige l'avocat du MRAP. ""Là, on est dans une discrimination fondée sur les origines"" estime la procureure, ""sans d'autre explication que la peur qui n'est fondée sur rien"". Concernant son allusion aux Maghrébins binationaux, le député affirme qu'il a été piégé lors du débat : ""le journaliste m'a emmené vers les Maghrébins, il m'a emmené pour me planter. Il a réussi ce qu'il a voulu."" Des accusations graves contre le journal l'Yonne Républicaine mais que les faits démentent puisqu'il s'agissait d'une simple question posée au député lors d'un débat. ""Monsieur Grenon a l'habitude de parler face à des députés et des journalistes. Il sait qu'il peut ne pas répondre à une question"", précise d'ailleurs l'avocate de la Ligue des droits de l'homme. Elle considère surtout que ""faire peur, parler de danger, c'est une incitation au rejet, voire à l'action contre les binationaux. Ce discours est du racisme pur et simple avec l'apparence d'un propos policé"".  Une peine d'amende requise  La défense de Daniel Grenon explique qu'il voulait simplement soutenir une idée politique portée de le président du RN. ""L'idée de monsieur Grenon est de vouloir discriminer légalement certaines personnes, dans la loi, des discriminations existent déjà"". L'avocat reconnaît pour autant la maladresse de son client. ""Mais qui mieux qu'un député devrait maitriser sa parole ?"" s'étonne la procureure. Elle considère que vouloir exclure les binationaux en raison de ce qu'ils sont est une injure et un appel à la discrimination. Le parquet requiert contre Daniel Grenon une peine de 1.500 euros d'amende. La décision a été mise en délibéré au 2 mai 2025.","Anil"
"15","Click to share on Facebook (Opens in new window)","Anil"
"16","'We can't bring in 13-14 players - that'd be too much change'  [Getty Images]  Mike Richards of the Unholy Trinity Everton Podcast believes the club might have to be ruthless with some of the players approaching the end of their contracts - but thinks some have to stay to prevent too much of a change.  Speaking to BBC Radio Merseyside, he said: ""I think it's going to be a transition this summer. The big issue is the number of players out of contract or loans ended - you can't let them all go.  ""That's where we are, we can't bring in 13-14 players - it can't and won't happen, that'd be too much change.  ""Some of those players out of contract, whether it be (Abdoulaye) Doucoure, Idrissa Gana Gueye, (Dominic) Calvert-Lewin - some of these will be offered new deals.  ""But I think Doucoure is Everton of the old and we need to look at Everton going forward in the future and that's getting a different number 10 - more technical, you look at Alcaraz - that for me is the kind of number 10 Everton need.  ""We need to move forward and become a better footballing side.""  Listen to more on BBC Sounds","Anil"
"17","GLASGOW, United Kingdom, April 17, 2025 (GLOBE NEWSWIRE) -- Are you researching to find the top testosterone booster in Australia? We are here to help! Our team has recently researched dozens of T-boosters on the market, and we now present them here through the lens of what is available to the Australian consumer but also effective and safe.      Most men begin to experience a gradual decline in testosterone after age 30. Once that decline begins, it does not reverse on its own. A balanced diet, regular exercise and weight training can help, but you will generally need some form of potent testosterone booster to make a significant difference.  The most high-profile treatment for low testosterone is testosterone replacement therapy. The issue with TRT is that there are serious side effects associated with it and the treatment is new enough that the scientific community is still unsure of what the long-term risks and benefits are. What this means is that most men are not candidates for TRT, and TRT is only recommended in specific medical scenarios.  That has led many men in Australia and around the world to seek solutions elsewhere. This has created a boom in the supplement industry as many companies work to deliver products to market that boost testosterone levels naturally and without side effects. The problem for the consumer is that there are many testosterone products with high failure rates and some which do not work at all.  The testosterone boosting product TestoPrime presented here is all proven supplement from an established brand. They have high customer satisfaction ratings around the world but specifically with Australian men, and while there are no guarantees with T-boosters, you can use these products with confidence.  Top Testosterone Boosters in Australia  TestoPrime — The Best Testosterone Booster Available in Australia      TestoPrime has rapidly emerged as the leading natural testosterone booster in Australia—and for good reason. Backed by science, transparency, and a loyal global user base, it has become the go-to supplement for Aussie men looking to regain their youthful energy, muscle tone, and bedroom confidence.  Pros:  Excellent bulk purchase discounts  100% lifetime money-back guarantee  Suitable for vegans and vegetarians  Very high customer satisfaction levels  Natural formula using clinically trialed ingredients  Very high success rates among men age 30 and up  Cons:  High single-bottle price  2% of men experienced no results  TestoPrime Ingredients:  Ashwagandha Extract  Black Pepper Extract  D-Aspartic Acid  Fenugreek Extract  Garlic Extract  Green Tea Extract  Panax Ginseng  Pomegranate Extract  Vitamin B5 and B6  Vitamin D  Zinc      The most notable and clinically researched ingredient here is D-aspartic acid, which is a naturally occurring amino acid that bolsters testosterone levels through the production of the luteinizing hormone. The nutrients included all play a role in healthy testosterone levels, and the extracts are all traditional medicines used for libido that have shown promising results in recent clinical research.  How TestoPrime Works:  TestoPrime inhibits the conversion of testosterone into estrogen, and this is something that most of the best testosterone boosters do because it is the most common way that men lose testosterone. This supplement also features amino acids that trigger the body to produce testosterone and includes nutrients that are integral to that production and sustainment. The extracts provide many benefits, including increased energy levels, boosted sex drive, increased metabolism and so forth.  Proven Results for Muscle Growth and Performance  Australian men use TestoPrime to support:  Faster muscle recovery  Increased lean muscle mass  Improved gym performance  Enhanced endurance and strength  Whether you're lifting weights, staying active, or just want to feel physically stronger, TestoPrime fuels better workouts without artificial hormones or steroids.  Boosts Libido and Male Vitality Naturally  TestoPrime isn't just about building muscle—it also addresses male performance and confidence in the bedroom. Many users report enhanced libido, firmer erections, and overall improvements in sexual wellness within just a few weeks.  Ideal for Men Over 30, 40, and 50  Age-related testosterone decline affects men differently. TestoPrime is specially designed to help:  Men in their 30s maintain fitness and energy levels  Men in their 40s regain their edge and vitality  Men in their 50s and beyond fight fatigue, reduce belly fat, and improve focus      It's a well-rounded supplement that grows with you—supporting your body's needs as you age.  Safe, Legal, and No Prescription Required  Unlike synthetic steroids or hormone replacement therapy, TestoPrime is:  100% legal in Australia  Available without a prescription  Free from side effects when used as directed      You get all the testosterone-boosting benefits without any of the risks associated with anabolic steroids.  -> Click Here to see the Lowest Price on TestoPrime  Why You Should Trust TestoPrime:  TestoPrime is an established all-natural supplement that has been on the market for a long time. It was developed and continues to be manufactured by Wolfson Brands, which has been innovating wellness and fitness supplements and other products since the mid-1980s. This company has many high-profile products, including PhenQ, which is one of the most popular weight loss supplements in the world. Wolfson Brands also offers one of the most consumer-friendly refund policies in the entire industry.  TestoPrime: Usage and Dosage  Each bottle of TestoPrime contains 120 capsules, which is a one-month supply. The recommended dose is four capsules per day, and the capsule count is due to a smaller pill size for people who have difficulties swallowing. It is advised that you take all four capsules with water prior to breakfast. We recommend 15-20 minutes prior in order to maximize absorption of the supplement. If you miss a dose, you can make it up later in the day but should avoid taking more than four capsules in a 24-hour period. There is no need to cycle TestoPrime, and this product is safe to use on a continued basis.  TestoPrime: Pricing and Shipping  Wolfson Brands provides free and fast shipping to Australia whether you purchase a single bottle or a multi-month supply. The price for a single bottle is $89.99 AUD. You can purchase a three-month supply for $179.99 AUD, which reduces the per-bottle pricing to $60.00 AUD. You can also purchase a six-month supply for $269.99 AUD, which reduces the per-bottle price to $45.00 AUD. There is also a 10% discount available on your entire by using the coupon code NEW10.  TestoPrime: Money-Back Guarantee  TestoPrime is sold with one of the best money-back guarantees in the industry. With your first purchase, you have as much time as you need to determine if TestoPrime works for you. That means that you can take it for three months or even six months and still request a refund. Many companies give you just 30 or 60 days to decide, which really is not a lot of time when evaluating a T-booster. To claim the refund, you do have to return the opened and unopened bottles at your own expense, but once the company receives that return, you will receive a full refund of the total order amount in 24-48 business hours.  >Click or Tap Here to Try TestoPrime and Enjoy the High Testosterone Levels of your Youth!  Signs of Low Testosterone in Men Over 30, 40, and 50  Testosterone plays a vital role in maintaining a man's physical, emotional, and sexual health. But as men age—especially after 30—testosterone levels begin to decline gradually. By the time you're in your 40s or 50s, these levels may drop low enough to cause noticeable symptoms that can impact your quality of life.  Common Signs of Low Testosterone:  1. Low Sex Drive (Libido)  One of the most obvious signs is a significant drop in sexual desire. Men with low testosterone often report a reduced interest in sex, which can affect relationships and self-confidence.  2. Erectile Dysfunction  Testosterone helps stimulate receptors in the brain that produce nitric oxide—a molecule essential for achieving and maintaining erections. If you're struggling with performance or firmness, low T could be a contributing factor.  3. Fatigue & Low Energy  Feeling tired all the time despite getting enough sleep? Low testosterone can reduce energy levels and lead to chronic fatigue, making it hard to stay motivated or productive.  4. Loss of Muscle Mass  Testosterone supports muscle protein synthesis. A decrease in testosterone can make it difficult to build or maintain lean muscle—even with regular workouts.  5. Increased Body Fat  Men with low T levels may notice increased fat accumulation, particularly around the belly. This is often accompanied by a decrease in muscle tone.  6. Mood Swings & Irritability  Low testosterone has been linked to mood disturbances, including irritability, depression, anxiety, and lack of mental clarity or focus.  7. Decreased Bone Density  As testosterone drops, so does bone mineral density—raising the risk of fractures and osteoporosis in older men.  8. Memory and Cognitive Decline  Testosterone also supports brain function. Men may notice issues like brain fog, forgetfulness, or reduced mental sharpness with lower T levels.  Age-Specific Impact  In Your 30s: Subtle symptoms start to appear—like lower motivation, mild fatigue, or decreased gym performance.  In Your 40s: You may notice significant changes in libido, muscle mass, and energy levels.  In Your 50s and Beyond: Symptoms often intensify, with more noticeable effects on sexual performance, metabolism, mood, and mental clarity.      What Can You Do?  Natural testosterone boosters like TestoPrime are designed to help men reclaim their vitality by encouraging the body to produce more testosterone naturally. These supplements often include proven ingredients like Ashwagandha, D-Aspartic Acid, Fenugreek, and Zinc, which are clinically shown to support T levels.  TestoPrime vs Other T-Boosters in Australia: What Makes It Better?  When comparing TestoPrime with other testosterone boosters available in Australia, several key factors set it apart and make it a top-tier choice for men looking to naturally enhance their T-levels.  1. Clinically Backed, Transparent Formula  Unlike many testosterone supplements that hide behind proprietary blends, TestoPrime lists all its ingredients and dosages clearly, allowing users to know exactly what they're putting in their bodies. Each component is backed by clinical research, ensuring maximum effectiveness without unnecessary fillers.  2. Powerful, Natural Ingredients  TestoPrime contains 12 powerful, natural ingredients including D-Aspartic Acid, Ashwagandha, Fenugreek, Zinc, and Panax Ginseng—all proven to support testosterone production, reduce stress, and improve strength, stamina, and libido. Other supplements may only include a handful of active ingredients or lower-quality versions.  3. No Prescription Needed & 100% Legal in Australia  While some T-boosters may require a prescription or are not readily available in Australia, TestoPrime is available over the counter and ships directly from its official AU website, making it easy and convenient to order legally and safely.  4. No Side Effects – Safe for Long-Term Use  Many testosterone boosters contain stimulants or synthetic additives that can cause side effects. TestoPrime is stimulant-free and made from safe, plant-based ingredients, making it suitable for long-term use without risk of dependency or hormonal imbalances.  5. Lifetime Money-Back Guarantee  One of the strongest reasons Aussie men trust TestoPrime is its risk-free, lifetime money-back guarantee. If you don't see results, you can request a full refund—no questions asked. This shows just how much confidence the company has in its product, which is rare in the supplement industry.  6. Real Results for Real Aussie Men  From improved energy levels and faster muscle recovery to better bedroom performance, thousands of users across Australia have reported real, noticeable changes within just a few weeks of using TestoPrime—something most other products can't match.  -> Click here to experience the power of TestoPrime and boost your testosterone levels naturally!  Who Should Use Testosterone Boosters?  Testosterone boosters are designed to help men improve their testosterone levels naturally. However, they're not for everyone. Here are some groups of people who can greatly benefit from using testosterone boosters like TestoPrime:  - Men Over 30 Who Experience Symptoms of Low Testosterone  Testosterone levels naturally begin to decline as men age, typically starting around age 30. This can lead to a range of symptoms, including fatigue, weight gain, decreased muscle mass, low libido, and mood changes. TestoPrime can help men in this age group combat these signs of aging by boosting their T-levels, leading to more energy, better performance, and an overall improvement in quality of life.  - Men Experiencing Decreased Libido and Sexual Health Issues  Low testosterone is often linked to a reduced libido and sexual performance issues, such as erectile dysfunction. Men who notice a decrease in their sexual drive or experience trouble in the bedroom may benefit from testosterone boosters that help restore normal hormone levels, which can improve libido and enhance sexual health.  - Men Struggling with Muscle Growth and Fat Loss  Testosterone plays a vital role in muscle development and fat burning. Men who find it difficult to gain muscle mass or lose fat, even with consistent exercise and a healthy diet, may benefit from a testosterone booster. TestoPrime supports muscle growth, helps burn fat, and promotes faster recovery, which can enhance overall fitness results.  - Men Who Experience Fatigue and Low Energy  One of the most common symptoms of low testosterone is fatigue. If you feel constantly tired, even after a good night's sleep, it could be due to declining testosterone levels. Testosterone boosters like TestoPrime help increase energy levels and reduce feelings of fatigue, giving you the stamina needed for daily activities, exercise, and work.  - Men Who Have Trouble with Mental Clarity and Focus  Testosterone affects mental clarity, focus, and cognitive function. Men experiencing memory lapses, brain fog, or difficulty concentrating could benefit from boosting their testosterone levels. TestoPrime contains ingredients that support mental sharpness, helping men stay focused and clear-headed.  - Athletes or Bodybuilders Looking to Enhance Performance  Athletes and bodybuilders often use testosterone boosters to improve physical performance, stamina, and recovery times. If you're looking to break past plateaus in your workouts or see better results from your training, a testosterone booster like TestoPrime can help enhance muscle mass, strength, and endurance.  - Men Looking for a Natural and Safe Alternative to Prescription Medications  Some men may consider using testosterone replacement therapy (TRT), but it comes with risks and side effects. Testosterone boosters like TestoPrime offer a natural alternative to TRT, providing a safe and side-effect-free way to optimize testosterone levels without the need for prescriptions or injections.  Click Here to See the Lowest Price Available on the Official TestoPrime Website  Frequently Asked Questions  1. What Causes Low Testosterone Levels?  Low testosterone can be caused by illness and injuries. However, the gradual decline of testosterone in men over 30 is a natural process. Men older than 30 will lose on average 1% per year.  2. What Are the Symptoms of Low T?  A reduced sex drive is the most common symptom, and the best testosterone booster for sex drive is TestoPrime. Other symptoms include erectile dysfunction, depressed mood, irritability, fatigue, loss of muscular strength and difficulties with memory and concentration.  3. What Are the Benefits of Testosterone-Boosting Supplements?  A T-booster provides a natural testosterone boost. You will not experience any side effects. The increased testosterone levels you experience will be within thresholds that are normal for your body. It will also eliminate many if not all of the symptoms that you have been experiencing. Many men report enhanced sex drive and performance, increased energy levels, more strength and so forth.  4. Are There Foods That Boost Testosterone Naturally?  Yes! One of the best testosterone-boosting foods is fatty fish along with oysters and shellfish. You can also take a fish oil supplement. Eggs are an excellent option. You should also target dark leafy greens, avocados, berries, pomegranates, onion, ginger, extra-virgin olive oil and fortified plant milks.  5. Is a Balanced Diet Important?  It is! You can use an all-natural testosterone booster and increase your testosterone levels without adjusting your diet, but a balanced diet will help you achieve better results faster. Eat well. Integrate testosterone-boosting ingredients, and minimize eating processed foods and use of ingredients that reduce T levels, such as alcohol, soy-based products, licorice root, vegetable oil and flaxseed.  6. Are Testosterone Boosters Safe?  In general, yes. The best natural testosterone boosters on the market, including those listed here, are absolutely safe because they use all-natural ingredients approved for human consumption. Do not assume that all products are safe, however. Vet the ingredients, and avoid hidden ingredients.  7. Are Steroids the Same as Testosterone Boosters?  No! Anabolic steroids are substances that behave like testosterone. They can provide the benefits of having higher T levels but can also lead to a wide range of serious side effects. A T-booster is a natural supplement that triggers your body to create more testosterone in an organic manner.  8. Can Anyone Take a Testosterone Booster?  Testosterone boosters are designed for men 30 and up. Men age 18 and up can receive benefits from them as well. People under age 18 should not take these supplements. Women who are pregnant or breastfeeding should not take these supplements. Otherwise, women can take them, but since the formulas are designed for the male physiology, it is unlikely that they will achieve the desired effects.  9. Can You Take a T-Booster With Other Supplements?  Absolutely. Combining supplements in this manner is called stacking. Brands like CrazyBulk make it easy to stack by preconfiguring the combinations. You can optimize your own combinations as well. The important thing is that you track all of the ingredients and remain within safe thresholds.  10. Can You Take a T-Booster With Medications?  Note that you should not take testosterone-boosting supplements if you have a preexisting medical condition without consulting with your physician. While there are no known interactions with medicines, it is advised that you check with your doctor and pharmacist. Even if it is not dangerous, medications will often block absorption of the supplement or otherwise inhibit its effects.  11. How Long Does It Take to See Results From a T-Booster?  The answer to this question varies greatly based on the individual and the supplement. A young man taking a T-booster for increased sexual performance may notice benefits within the first week. An older man suffering from low T many require eight weeks or more of continued use. The general rule is that you give the best testosterone supplements at least two months to see how well they work.  12. What Is the Difference Between Testosterone and Free Testosterone?  Testosterone refers to the total amount of testosterone in your body. Typically, 98% of that testosterone will be bound for systemic purposes within the body. The other 2% is the free testosterone that boosts sex drive, builds muscle and so forth. A good T-booster in Australia not only increases the total testosterone in the body but helps to ensure you are in the normal range of free testosterone.  Final Verdict: Why TestoPrime Stands Out in Australia  When it comes to natural testosterone boosters in Australia, TestoPrime clearly leads the pack. With its powerful blend of clinically backed ingredients, transparent formula, and real-world results, it delivers everything men need to reclaim their energy, vitality, and confidence—especially after 30, 40, or 50.  Whether you're looking to build lean muscle, reduce stubborn fat, boost libido, or simply feel more like yourself again, TestoPrime offers a safe, effective, and natural solution. It's trusted by thousands of men globally and continues to earn its reputation as a reliable companion in men's health.  If you're ready to take control of your performance and well-being—TestoPrime is the smart move.  Contact Details: TestoPrime  Official Website: https://testoprime.com/  Email: support@testoprime.com  Phone: +1 888-212-8930  Contact Person: Steve David  Address: 12 Payne Street Glasgow G4 0LF United Kingdom    Disclaimer: These statements have not been reviewed by the Food and Drug Administration. This product is not intended to diagnose, treat, cure, or prevent any disease. Individual results may vary. Consult a healthcare professional before using any dietary supplement.  Disclosure: This article is for informational purposes only and should not be considered medical advice. It may contain affiliate links, which means we may earn a commission if you make a purchase through these links. Always seek guidance from a healthcare professional before beginning any new supplement regimen.  Photos accompanying this announcement are available at  https://www.globenewswire.com/NewsRoom/AttachmentNg/16746627-07d8-44b7-ab21-88b50fc42e5e  https://www.globenewswire.com/NewsRoom/AttachmentNg/b3c91991-85c9-4f11-8765-0dc8054e7c23","Anil"
"18","Deux habitations ont été cambriolées au Poinçonnet, juste à côté de Châteauroux, entre ce mercredi 16 et ce jeudi 17 avril. Des bijoux et six fusils ont été dérobés.  Le mode opératoire similaire ces deux cambriolages laisse supposer un lien. Deux habitations du Poinçonnet ont fait l'objet d'un vol par effraction entre ce mercredi et ce jeudi. À chaque fois, le barillet de la porte d'entrée a été forcé, avant d'être remis en place, ce qui est assez inhabituel. Le premier cambriolage s'est produit entre mercredi matin et jeudi midi. Six fusils et des bijoux, dans un coffre-fort, ont été dérobés, ainsi que deux bouteilles d'alcool, indique la police de Châteauroux.  Pour le second cambriolage, le créneau horaire est plus resserré : il s'est déroulé entre mercredi soir, 22 heures, et jeudi matin, 10h30. L'occupant des lieux a tout de suite remarqué qu'il y avait un problème en tentant de tourner sa clé dans le barillet forcé puis remis en place. Toutes les pièces ont été fouillées. L'inventaire précis de ce qui a pu être volé doit encore être établi, mais des bijoux, pourtant bien cachés dans le dressing, sont manquants.","Anil"
"19","KALAMAZOO, MI — In a routine scene at a Kalamazoo gas station, motorcyclists were parked, getting ready to head back onto the road on a sunny afternoon.  Within seconds, the peaceful scene turned violent. An SUV went barreling through the people, vehicles and a gas pump, leaving destruction in its path on Wednesday, March 19, at 3908 S. Westnedge Ave.  Seven people were injured, KDPS said initially, and two of them were taken to a hospital for treatment.  The two have since been released from the hospital, Kalamazoo Department of Public Safety Spokesman Zach Hamelton said on Wednesday, April 16.  One of the injured people is now in physical rehabilitation, Hamelton said.  People can be seen running in different directions to clear the scene after the crash.  A parked truck was pushed out of the video frame and a motorcycle was tipped over, gushing gasoline as a man leapt up and ran off, holding his face.  Police are still waiting for forensic and toxicology reports to move forward with the investigation.  The driver of the GMC Terrain that crashed has been cooperative in the investigation, police said.  The driver told police, when asked, that he had not consumed any alcohol that day, according to a police report MLive obtained through the Freedom of Information Act.  The driver had a cut, which he attributed to the airbag going off, the police report states.  The driver was detained as police investigated the crash. He consented to have his blood drawn and an officer noted he smelled no intoxicants while speaking with the man.  An SUV crashes into vehicles and people at a Speedway gas station in Kalamazoo on March 20, 2025. The crash remains under investigation, police said.(Courtesy | KDPS)  He took a preliminary breath test and blew .000%, the police report states.  Large parts of the police report are blacked out by the city of Kalamazoo.  Two motorcycles, a Honda and a Harley Davidson, were also damaged, along with a Dodge Dakota pickup and a Toyota Camry.  10 1 / 10 Multiple vehicles involved in crash at Kalamazoo gas station  Want more Kalamazoo-area news? Bookmark the local Kalamazoo news page or sign up for the free 3@3 Kalamazoo daily newsletter.","Anil"
"20","Fresh blow for Liverpool woman facing 'deadly' deportation next week  Fatou Tamba is set to be deported to The Gambia within days, where her family say her life will be in danger  Fatou Tamba is facing deportation from the UK  A Liverpool woman who is facing imminent deportation to a country where her family fear she could be killed has faced a fresh blow in her fight for freedom.  Today the ECHO revealed that Fatou Tamba, who has lived in the UK for the past 17 years - with eight of them spent in Liverpool - is set to be deported to her native country of The Gambia in days after being detained by immigration officials. Her family fear she will be persecuted in The Gambia and that her life will be in danger.  ‌    Ms Tamba, 55, was living off Smithdown Road before she was detained by immigration officials last month. She has spent the last few weeks at Derwentside Immigration Removal Centre in the North East ahead of an expected deportation on Tuesday of next week.  Today, Ms Tamba's family were hoping that she would be released on immigration bail so that she could work on her case against deportation with her legal team and spend time with her family - including her partner and son, who are based in the UK.  But her brother Lamine, also based in the UK, has today confirmed to the ECHO that the application for immigration bail has been turned down, so she must remain at the immigration centre, where her family say she is 'distressed' and claim she has not received appropriate medical care for her diabetes condition.  Article continues below  Mr Tamba told the ECHO: ""Her application was rejected despite never having a history of absconding, having no criminal record and being of no danger to the public. It was not nice at all. We hope there will be a way (to stop the deportation) before Tuesday despite the two bank holidays.""  Fatou Tamba is set to be deported to The Gambia after living in the UK for 17 years  Ms Tamba first arrived in the UK from The Gambia, in West Africa as a visitor to her brother Lamine, who has British citizenship. But she did not feel she could return to the country as a change of ruling party had made life dangerous for her and her family.  ‌    She has lived in the UK for 18 years, with many of those years spent in Liverpool. She has become a prominent figure in the city's refugee and asylum seeker community, working with different community groups to support women arriving in the region.  Having remained in the UK, she had asylum applications rejected but was recently trying again to achieve the right to stay in the country, on the basis that she has built a family life here with her son, partner and community. She has most recently been living in the Smithdown Road area before her detention.  Lamine explained the dangers the family fear his sister could face if sent back to The Gambia next week. He told the ECHO: ""Most of our family is associated with the former government in The Gambia and this has resulted in us being targeted. Members of our family have been detained for years without charges and our cousin was shot. Many have had to flee and we still receive death threats.  ‌    ""Fatou is very worried about what could happen to her if she is sent back. She is very scared right now and in real mental distress. This will not be a safe place for her. People connected to the current [Gambian] government have made it clear that we will not return alive if we set foot in The Gambia. If she is sent back, she will be at risk of kidnapping, false imprisonment, or death.”  He added: ""Fatou is not only my sister but a mother, a partner, an auntie, and a cherished member of our community. She has built her life here, and she is loved and respected by many.  ""We are pleading for compassion and justice so Fatou can regularise her status. She is a kind, compassionate woman who wants nothing more than to live safely, contribute to society, and be with her family and partner.”  Article continues below  Kitty Worthing, who is a GP in Liverpool, said: ""We cannot talk about deportation without death. Detention and deportation are violent, deadly practices. As community members, healthcare workers, activists, friends and family members, we are doing everything we can to keep Fatou safe.""  The Home Office said its longstanding policy is not to comment on individual cases. A petition calling for the deportation plan to be stopped has been launched and can be found here.","Anil"
"21","Sydney will host Newcastle Jets at the Allianz Stadium on Saturday in another round of the 2024-25 Australia A-League campaign. The home side have had mixed results in the league of late and will need to be more consistent in the final games of the regular season if they are to secure a spot in the playoffs.  Ad  They played out a 2-2 draw against league leaders Auckland in their last league outing, squandering a two-goal lead handed to them by Adrian Segecic before crashing out of the AFC Champions League Two on Tuesday following a 2-1 aggregate defeat to Singaporean side Lion City Sailors.  Newcastle Jets, meanwhile, remain hopeful of securing playoff football, although that now looks too little, too late. They enjoyed an emphatic return to winning ways last time out as they thrashed 10-man Central Coast Mariners 6-0 on home turf, featuring goals from four different players, including Eli Adam,s who netted a brace.  Ad  Trending  The visitors sit ninth in the league standings with 29 points and cannot afford to drop any more points if they are to finish in the top six at the end of the regular season.  Sydney vs Newcastle Jets Head-to-Head and Key Numbers  There have been 57 meetings between Sydney and Newcastle. The hosts have won 32 of those games while the visitors have won just 11 times.  There have been 14 draws between the two teams, including their most recent matchup, which ended 2-2.  The visitors are without a clean sheet in their last five games in this fixture.  Sydney have scored 49 goals in the Australian top flight this season. Only Western United (50) and Western Sydney Wanderers (52) have managed more.  Ad  Sydney vs Newcastle Jets Prediction  The Sky Blues' latest result ended a run of back-to-back winless outings and they will be looking to kick on from that this weekend. They have lost just one of their last eight home games and will head into this one as favorites.  The Jets also saw their latest result snap a three-game winless run, and they will be keen to build on that here. They are, however, winless on their last four trips to the Allianz Stadium and could lose this one.  Ad  Prediction: Sydney 2-1 Newcastle Jets  Sydney vs Newcastle Jets Betting Tips  Tip 1 - Result: Sydney to win  Tip 2 - Goals - Over/under 2.5 - Over 2.5 goals (Eight of the visitors' last 10 matches have produced more than 2.5 goals)  Tip 3 - Both teams to score: YES (Both sides have found the back of the net in five of the hosts' last seven matches)  × Feedback Why did you not like this content? Clickbait / Misleading  Factually Incorrect  Hateful or Abusive  Baseless Opinion  Too Many Ads  Other Cancel Submit Was this article helpful? Thank You for feedback  About the author Soyoye Jedidiah Jedidiah is a European and international football journalist at Sportskeeda, who has been covering match previews for more than 3 years. Currently pursuing an engineering degree from the University of Ibadan, he conducts thorough research and ensures to be up-to-date with football news across the globe to create the most accurate previews.    A Manchester United fan, Jedidiah fell in love with football and the Red Devils since their UEFA Champions League triumph over Chelsea in 2008. He is a big fan of Robert Lewandowski and his historic performances from 2020, but feels that only Erling Haaland and Kylian Mbappe are capable of replicating the Lionel Messi and Cristiano Ronaldo rivalry. His all-time favorite manager is Carlo Ancelotti due to the Italian's remarkable composure in difficult moments of a contest. Spain's 1-0 win over Netherlands in the final of the 2010 FIFA World Cup is etched in his memory forever.    A true student of the game, Jedidiah relishes identifying hidden gems from lower-tiered leagues such as the EFL Championship and the Eredivisie. When not creating previews, he likes playing football and reading books. Know More","Anil"
"22","","Anil"
"23","She added: “I am disappointed that, by rejecting my recommendation to offer her the next suitable property it has available, the council is failing to fully accept the gravity its incorrect advice and practice has had on this woman and her child.","Anil"
"24","El contexto del italiano en el Madrid ilusiona. El sueño, contar con él antes de junio, de cara al parón. Se esperan contactos porque la CBF niega haber enviado un emisario.  El río suele llevar agua cuando suena. Y en lo referente a Brasil y Ancelotti es el Amazonas. Carletto es el sueño de la CBF. Lo era, antes de que el Madrid extendiera su contrato hasta 2026 la temporada pasada, y lo sigue siendo. Para reconducir a la Seleção. Sin rumbo... y sin entrenador tras la destitución de Dorival Júnior. El ramillete de opciones fluctúa, con Jorge Jesus o con la aparición de Jürgen Klopp en las últimas fechas, pero el favorito no cambia: Carlo Ancelotti. Y el contexto que vive el de Reggiolo dispara la ilusión. Brasil vuelve a por el italiano y lo hace con fuerza.  Porque Ancelotti nunca ha salido del radar de Brasil. Es el gran deseado de Ednaldo Rodrigues, presidente de la federación. No le olvida a pesar de todas sus negativas. Tras la destitución de Dorival Junior el mes pasado, la CBF volvió a colocar al técnico en lo más alto de su lista. Si bien han mantenido conversaciones con su entorno, según pudo saber AS de fuentes muy cercanas la institución, la CBF no mandó ningún emisario a Madrid para negociar con el técnico, incluso desde el seno de la institución mostraron sorpresa al conocer la noticia. Hasta el punto de haber publicado un comunicado para atemperar el runrún: “La CBF niega haber enviado un emisario a Madrid. El asunto lo tratan únicamente el coordinador general ejecutivo de las Selecciones Masculinas, Rodrigo Caetano, y el presidente Ednaldo Rodrigues. Ambos están en Río de Janeiro”.  Brasil enfrió la carpeta de Carletto tras el último sondeo. Según avanzaron desde Brasil y pudo confirmar este diario, Jorge Jesus estaba destinado a ser el nuevo técnico, a falta de oficialidad. Estaba porque la potencial salida del italiano del Bernabéu paraliza toda negociación con el luso. Si Ancelotti sale al mercado, Brasil quiere esperarle, con unas condiciones contractuales similares a las apalabradas en 2023, pero tienen una fecha límite. La Canarinha quiere tener a su nuevo técnico de cara al parón de junio, para los enfrentamientos ante Ecuador (3/6) y Paraguay (8/6). Hasta finales de abril no se espera que hayan actualizaciones al respecto. Aunque, eso sí, si el italiano se pusiera al frente de la verdeamarela, Davide Ancelotti tomaría otro camino.  Mientras tanto, la postura de Carletto es cristalina. “Mi contrato es bastante claro, me queda otro año... pero lo que sea, se hablará a final de la temporada; el club siempre me apoya, sobre todo en los momentos de dificultad”. Sin dobleces, así se mostraba antes de confirmarse el varapalo contra el Arsenal. Un sentencia que ha repetido en varias ocasiones. En resumen: quiere cumplir su contrato. Solo dará un paso al lado si se lo piden. “No puedo hablar de eso ahora”, respondió sobre sus opciones de dirigir al Madrid en el Mundial de Clubes. Y añadió: “Puede pasar, no lo sé. El club puede querer cambiar. Puede ser este año, puede ser el próximo. No hay problema”. Ese “el club puede querer cambiar” es la clave. Si por Carletto fuera, no habría discusión. “¿Mi futuro? No lo sé y no lo quiero saber”.  Aunque, algo también cristalino, no tiene intención de terminar su etapa con tiranteces. “El día que termine aquí sólo puedo hacer una cosa: dar las gracias. En un día, en un mes, en un año. Daré las gracias a este club, nada más”. Agradecimiento. Porque el técnico más laureado de la historia del Madrid (15 títulos) estaría encantado de seguir ligado a la entidad. De momento.  Brasil inicia la era post-Neymar  La CBF quiere dar un golpe sobre la mesa de cara al próximo Mundial de 2026. La dura goleada ante Argentina rompió algo dentro de la institución. Brasil quiere volver a ser fuerte y para ello necesitan empezar de cero. La llegada de Ancelotti daría un impulso a una plantilla que ya le conoce. Hay un total convencimiento para que Vinicius y Rodrygo asuman el liderazgo de la Pentacampeona. Quieren dejar atrás el legado de Neymar, eternamente agradecidos a todo lo que ha aportado, pero con la certeza de que es la mejor opción para lo que viene.  Tanto Jorge Jesus como Ancelotti deberán hacer un trabajo similar al realizado por Luis Aragonés en la Roja con otra figura como Raúl. No será sencillo. Neymar aún tiene tiempo para revertir su situación y hacer el último gran servicio para la Canarinha. Pero la idea es clara, la era post-Ney arrancará el próximo mes de junio.  Noticias relacionadas  ¡Tus opiniones importan! Comenta en los artículos y suscríbete gratis a nuestra newsletter y a las alertas informativas en la App o el canal de WhatsApp.  ¿Buscas licenciar contenido? Haz clic aquí","Anil"
"25","En cliquant sur ""Tout Accepter"" vous consentez au traitement par ANO « TV-Novosti » de certaines données personnelles stockées sur votre terminal (telles que les adresses IP, les données de navigation, les données d'utilisation ou de géolocalisation ou bien encore les interactions avec les réseaux sociaux ainsi que les données nécessaires pour pouvoir utiliser les espaces commentaires de notre service). En cliquant sur ""Tout Refuser"", seuls les cookies/traceurs techniques (strictement limités au fonctionnement du site ou à la mesure d’audiences) seront déposés et lus sur votre terminal. ""Tout Refuser"" ne vous permet pas d’activer l’option commentaires de nos services. Pour activer l’option vous permettant de laisser des commentaires sur notre service, veuillez accepter le dépôt des cookies/traceurs « réseaux sociaux », soit en cliquant sur « Tout accepter », soit via la rubrique «Paramétrer vos choix». Le bandeau de couleur indique si le dépôt de cookies et la création de profils sont autorisés (vert) ou refusés (rouge). Vous pouvez modifier vos choix via la rubrique «Paramétrer vos choix». Réseaux sociaux Désactiver cette option empêchera les réseaux sociaux de suivre votre navigation sur notre site et ne permettra pas de laisser des commentaires.","Anil"
